Paises;1896;1896;1896;1896;1900;1900;1900;1900;1904;1904;1904;1904;1908;1908;1908;1908;1912;1912;1912;1912;1920;1920;1920;1920;1924;1924;1924;1924;1928;1928;1928;1928;1932;1932;1932;1932;1936;1936;1936;1936;1948;1948;1948;1948;1952;1952;1952;1952;1956;1956;1956;1956;1960;1960;1960;1960;1964;1964;1964;1964;1968;1968;1968;1968;1972;1972;1972;1972;1976;1976;1976;1976;1980;1980;1980;1980;1984;1984;1984;1984;1988;1988;1988;1988;1992;1992;1992;1992;1996;1996;1996;1996;2000;2000;2000;2000;2004;2004;2004;2004;2008;2008;2008;2008;2012;2012;2012;2012;2016;2016;2016;2016;Final;Final;Final;Final
Paises;Ouro;Prata;Bronze;Total;Ouro;Prata;Bronze;Total;Ouro;Prata;Bronze;Total;Ouro;Prata;Bronze;Total;Ouro;Prata;Bronze;Total;Ouro;Prata;Bronze;Total;Ouro;Prata;Bronze;Total;Ouro;Prata;Bronze;Total;Ouro;Prata;Bronze;Total;Ouro;Prata;Bronze;Total;Ouro;Prata;Bronze;Total;Ouro;Prata;Bronze;Total;Ouro;Prata;Bronze;Total;Ouro;Prata;Bronze;Total;Ouro;Prata;Bronze;Total;Ouro;Prata;Bronze;Total;Ouro;Prata;Bronze;Total;Ouro;Prata;Bronze;Total;Ouro;Prata;Bronze;Total;Ouro;Prata;Bronze;Total;Ouro;Prata;Bronze;Total;Ouro;Prata;Bronze;Total;Ouro;Prata;Bronze;Total;Ouro;Prata;Bronze;Total;Ouro;Prata;Bronze;Total;Ouro;Prata;Bronze;Total;Ouro;Prata;Bronze;Total;Ouro;Prata;Bronze;Total;Total de Ouro;Total de Prata;Total de Bronze;Total de Medalhas
Afeganistão;0;0;0;0;0;0;0;0;0;0;0;0;0;0;0;0;0;0;0;0;0;0;0;0;0;0;0;0;0;0;0;0;0;0;0;0;0;0;0;0;0;0;0;0;0;0;0;0;0;0;0;0;0;0;0;0;0;0;0;0;0;0;0;0;0;0;0;0;0;0;0;0;0;0;0;0;0;0;0;0;0;0;0;0;0;0;0;0;0;0;0;0;0;0;0;0;0;0;0;0;0;0;1;1;0;0;1;1;0;0;0;0;0;0;2;2
África do Sul;0;0;0;0;0;0;0;0;0;0;0;0;1;1;0;2;4;2;0;6;3;4;3;10;1;1;1;3;1;0;2;3;2;0;3;5;0;1;0;1;2;1;1;4;2;4;4;10;0;0;4;4;0;1;2;3;0;0;0;0;0;0;0;0;0;0;0;0;0;0;0;0;0;0;0;0;0;0;0;0;0;0;0;0;0;2;0;2;3;1;1;5;0;2;3;5;1;3;2;6;0;1;0;1;3;2;1;6;2;6;2;10;26;31;29;86
Alemanha;6;5;2;13;4;2;2;8;4;4;5;13;3;5;5;13;5;13;7;25;0;0;0;0;0;0;0;0;10;7;14;31;3;12;5;20;33;26;30;89;0;0;0;0;0;7;17;24;0;0;0;0;0;0;0;0;0;0;0;0;0;0;0;0;0;0;0;0;0;0;0;0;0;0;0;0;0;0;0;0;0;0;0;0;33;21;28;82;20;18;27;65;13;17;26;56;13;16;20;49;16;11;14;41;11;20;13;44;17;10;15;42;191;194;230;615
Alemanha Ocidental;0;0;0;0;0;0;0;0;0;0;0;0;0;0;0;0;0;0;0;0;0;0;0;0;0;0;0;0;0;0;0;0;0;0;0;0;0;0;0;0;0;0;0;0;0;0;0;0;0;0;0;0;0;0;0;0;0;0;0;0;5;11;10;26;13;11;16;40;10;12;17;39;0;0;0;0;17;19;23;59;11;14;15;40;0;0;0;0;0;0;0;0;0;0;0;0;0;0;0;0;0;0;0;0;0;0;0;0;0;0;0;0;56;67;81;204
Alemanha Oriental;0;0;0;0;0;0;0;0;0;0;0;0;0;0;0;0;0;0;0;0;0;0;0;0;0;0;0;0;0;0;0;0;0;0;0;0;0;0;0;0;0;0;0;0;0;0;0;0;0;0;0;0;0;0;0;0;0;0;0;0;9;9;7;25;20;23;23;66;40;25;25;90;47;37;42;126;0;0;0;0;37;35;30;102;0;0;0;0;0;0;0;0;0;0;0;0;0;0;0;0;0;0;0;0;0;0;0;0;0;0;0;0;153;129;127;409
Antilhas Neerlandesas;0;0;0;0;0;0;0;0;0;0;0;0;0;0;0;0;0;0;0;0;0;0;0;0;0;0;0;0;0;0;0;0;0;0;0;0;0;0;0;0;0;0;0;0;0;0;0;0;0;0;0;0;0;0;0;0;0;0;0;0;0;0;0;0;0;0;0;0;0;0;0;0;0;0;0;0;0;0;0;0;0;1;0;1;0;0;0;0;0;0;0;0;0;0;0;0;0;0;0;0;0;0;0;0;0;0;0;0;0;0;0;0;0;1;0;1
Arábia Saudita;0;0;0;0;0;0;0;0;0;0;0;0;0;0;0;0;0;0;0;0;0;0;0;0;0;0;0;0;0;0;0;0;0;0;0;0;0;0;0;0;0;0;0;0;0;0;0;0;0;0;0;0;0;0;0;0;0;0;0;0;0;0;0;0;0;0;0;0;0;0;0;0;0;0;0;0;0;0;0;0;0;0;0;0;0;0;0;0;0;0;0;0;0;1;1;2;0;0;0;0;0;0;0;0;0;0;1;1;0;0;0;0;0;1;2;3
Argélia;0;0;0;0;0;0;0;0;0;0;0;0;0;0;0;0;0;0;0;0;0;0;0;0;0;0;0;0;0;0;0;0;0;0;0;0;0;0;0;0;0;0;0;0;0;0;0;0;0;0;0;0;0;0;0;0;0;0;0;0;0;0;0;0;0;0;0;0;0;0;0;0;0;0;0;0;0;0;2;2;0;0;0;0;1;0;1;2;2;0;1;3;1;1;3;5;0;0;0;0;0;1;1;2;1;0;0;1;0;2;0;2;5;4;8;17
Argentina;0;0;0;0;0;0;0;0;0;0;0;0;0;0;0;0;0;0;0;0;0;0;0;0;1;3;2;6;3;3;1;7;3;1;0;4;2;2;3;7;3;3;1;7;1;2;2;5;0;1;1;2;0;1;1;2;0;1;0;1;0;0;2;2;0;1;0;1;0;0;0;0;0;0;0;0;0;0;0;0;0;1;1;2;0;0;1;1;0;2;1;3;0;2;2;4;2;0;4;6;2;0;4;6;1;1;2;4;3;1;0;4;21;25;28;74
Armênia;0;0;0;0;0;0;0;0;0;0;0;0;0;0;0;0;0;0;0;0;0;0;0;0;0;0;0;0;0;0;0;0;0;0;0;0;0;0;0;0;0;0;0;0;0;0;0;0;0;0;0;0;0;0;0;0;0;0;0;0;0;0;0;0;0;0;0;0;0;0;0;0;0;0;0;0;0;0;0;0;0;0;0;0;0;0;0;0;1;1;0;2;0;0;1;1;0;0;0;0;0;1;4;5;0;1;2;3;1;3;0;4;2;6;6;14
Atletas Olímpicos Independentes;0;0;0;0;0;0;0;0;0;0;0;0;0;0;0;0;0;0;0;0;0;0;0;0;0;0;0;0;0;0;0;0;0;0;0;0;0;0;0;0;0;0;0;0;0;0;0;0;0;0;0;0;0;0;0;0;0;0;0;0;0;0;0;0;0;0;0;0;0;0;0;0;0;0;0;0;0;0;0;0;0;0;0;0;0;0;0;0;0;0;0;0;0;0;0;0;0;0;0;0;0;0;0;0;0;0;0;0;1;0;1;2;1;0;1;2
Australásia;0;0;0;0;0;0;0;0;0;0;0;0;1;2;2;5;2;2;3;7;0;0;0;0;0;0;0;0;0;0;0;0;0;0;0;0;0;0;0;0;0;0;0;0;0;0;0;0;0;0;0;0;0;0;0;0;0;0;0;0;0;0;0;0;0;0;0;0;0;0;0;0;0;0;0;0;0;0;0;0;0;0;0;0;0;0;0;0;0;0;0;0;0;0;0;0;0;0;0;0;0;0;0;0;0;0;0;0;0;0;0;0;3;4;5;12
Austrália;2;0;0;2;2;0;3;5;0;0;0;0;0;0;0;0;0;0;0;0;0;2;1;3;3;1;2;6;1;2;1;4;3;1;1;5;0;0;1;1;2;6;5;13;6;2;3;11;13;8;14;35;8;8;6;22;6;2;10;18;5;7;5;17;8;7;2;17;0;1;4;5;2;2;5;9;4;8;12;24;3;6;5;14;7;9;11;27;9;9;23;41;16;25;17;58;17;16;17;50;14;15;17;46;8;15;12;35;8;11;10;29;147;163;187;497
Áustria;2;1;2;5;0;3;3;6;0;0;1;1;0;0;1;1;0;2;2;4;0;0;0;0;0;3;1;4;2;0;1;3;1;1;3;5;4;6;3;13;1;0;3;4;0;1;1;2;0;0;2;2;1;1;0;2;0;0;0;0;0;2;2;4;0;1;2;3;0;0;1;1;1;2;1;4;1;1;1;3;1;0;0;1;0;2;0;2;0;1;2;3;2;1;0;3;2;4;1;7;0;1;2;3;0;0;0;0;0;0;1;1;18;33;36;87
Azerbaijão;0;0;0;0;0;0;0;0;0;0;0;0;0;0;0;0;0;0;0;0;0;0;0;0;0;0;0;0;0;0;0;0;0;0;0;0;0;0;0;0;0;0;0;0;0;0;0;0;0;0;0;0;0;0;0;0;0;0;0;0;0;0;0;0;0;0;0;0;0;0;0;0;0;0;0;0;0;0;0;0;0;0;0;0;0;0;0;0;0;1;0;1;2;0;1;3;1;0;4;5;1;1;4;6;2;2;6;10;1;7;10;18;7;11;25;43
Bahamas;0;0;0;0;0;0;0;0;0;0;0;0;0;0;0;0;0;0;0;0;0;0;0;0;0;0;0;0;0;0;0;0;0;0;0;0;0;0;0;0;0;0;0;0;0;0;0;0;0;0;1;1;0;0;0;0;1;0;0;1;0;0;0;0;0;0;0;0;0;0;0;0;0;0;0;0;0;0;0;0;0;0;0;0;0;0;1;1;0;1;0;1;2;0;1;3;1;0;1;2;0;1;1;2;1;0;0;1;1;0;1;2;6;2;6;14
Bahrein;0;0;0;0;0;0;0;0;0;0;0;0;0;0;0;0;0;0;0;0;0;0;0;0;0;0;0;0;0;0;0;0;0;0;0;0;0;0;0;0;0;0;0;0;0;0;0;0;0;0;0;0;0;0;0;0;0;0;0;0;0;0;0;0;0;0;0;0;0;0;0;0;0;0;0;0;0;0;0;0;0;0;0;0;0;0;0;0;0;0;0;0;0;0;0;0;0;0;0;0;0;0;0;0;0;0;1;1;1;1;0;2;2;1;0;3
Barbados;0;0;0;0;0;0;0;0;0;0;0;0;0;0;0;0;0;0;0;0;0;0;0;0;0;0;0;0;0;0;0;0;0;0;0;0;0;0;0;0;0;0;0;0;0;0;0;0;0;0;0;0;0;0;0;0;0;0;0;0;0;0;0;0;0;0;0;0;0;0;0;0;0;0;0;0;0;0;0;0;0;0;0;0;0;0;0;0;0;0;0;0;0;0;1;1;0;0;0;0;0;0;0;0;0;0;0;0;0;0;0;0;0;0;1;1
Bélgica;0;0;0;0;5;5;5;15;0;0;0;0;1;5;2;8;2;1;3;6;14;11;11;36;3;7;3;13;0;1;2;3;0;0;0;0;0;0;2;2;2;2;3;7;2;2;0;4;0;2;0;2;0;2;2;4;2;0;1;3;0;1;1;2;0;2;0;2;0;3;3;6;1;0;0;1;1;1;2;4;0;0;2;2;0;1;2;3;2;2;2;6;0;2;3;5;1;0;2;3;2;0;0;2;0;1;2;3;2;2;2;6;40;53;55;148
Bermudas;0;0;0;0;0;0;0;0;0;0;0;0;0;0;0;0;0;0;0;0;0;0;0;0;0;0;0;0;0;0;0;0;0;0;0;0;0;0;0;0;0;0;0;0;0;0;0;0;0;0;0;0;0;0;0;0;0;0;0;0;0;0;0;0;0;0;0;0;0;0;1;1;0;0;0;0;0;0;0;0;0;0;0;0;0;0;0;0;0;0;0;0;0;0;0;0;0;0;0;0;0;0;0;0;0;0;0;0;0;0;0;0;0;0;1;1
Bielorrússia ;0;0;0;0;0;0;0;0;0;0;0;0;0;0;0;0;0;0;0;0;0;0;0;0;0;0;0;0;0;0;0;0;0;0;0;0;0;0;0;0;0;0;0;0;0;0;0;0;0;0;0;0;0;0;0;0;0;0;0;0;0;0;0;0;0;0;0;0;0;0;0;0;0;0;0;0;0;0;0;0;0;0;0;0;0;0;0;0;1;6;8;15;3;3;11;17;2;5;6;13;3;4;7;14;2;5;3;10;1;4;4;9;12;27;39;78
Boêmia;0;0;0;0;0;1;1;2;0;0;0;0;0;0;2;2;0;0;0;0;0;0;0;0;0;0;0;0;0;0;0;0;0;0;0;0;0;0;0;0;0;0;0;0;0;0;0;0;0;0;0;0;0;0;0;0;0;0;0;0;0;0;0;0;0;0;0;0;0;0;0;0;0;0;0;0;0;0;0;0;0;0;0;0;0;0;0;0;0;0;0;0;0;0;0;0;0;0;0;0;0;0;0;0;0;0;0;0;0;0;0;0;0;1;3;4
Botsuana;0;0;0;0;0;0;0;0;0;0;0;0;0;0;0;0;0;0;0;0;0;0;0;0;0;0;0;0;0;0;0;0;0;0;0;0;0;0;0;0;0;0;0;0;0;0;0;0;0;0;0;0;0;0;0;0;0;0;0;0;0;0;0;0;0;0;0;0;0;0;0;0;0;0;0;0;0;0;0;0;0;0;0;0;0;0;0;0;0;0;0;0;0;0;0;0;0;0;0;0;0;0;0;0;0;1;0;1;0;0;0;0;0;1;0;1
Brasil;0;0;0;0;0;0;0;0;0;0;0;0;0;0;0;0;0;0;0;0;1;1;1;3;0;0;0;0;0;0;0;0;0;0;0;0;0;0;0;0;0;0;1;1;1;0;2;3;1;0;0;1;0;0;2;2;0;0;1;1;0;1;2;3;0;0;2;2;0;0;2;2;2;0;2;4;1;5;2;8;1;2;3;6;2;1;0;3;3;3;9;15;0;6;6;12;5;2;3;10;3;4;9;16;3;5;9;17;7;6;6;19;30;36;62;128
Bulgária ;0;0;0;0;0;0;0;0;0;0;0;0;0;0;0;0;0;0;0;0;0;0;0;0;0;0;0;0;0;0;0;0;0;0;0;0;0;0;0;0;0;0;0;0;0;0;1;1;1;3;1;5;1;3;3;7;3;5;2;10;2;4;3;9;6;10;5;21;6;9;7;22;8;16;17;41;0;0;0;0;10;12;13;35;3;7;6;16;3;7;5;15;5;6;2;13;2;1;9;12;1;1;3;5;0;2;1;3;0;1;2;3;51;87;80;218
Burundi;0;0;0;0;0;0;0;0;0;0;0;0;0;0;0;0;0;0;0;0;0;0;0;0;0;0;0;0;0;0;0;0;0;0;0;0;0;0;0;0;0;0;0;0;0;0;0;0;0;0;0;0;0;0;0;0;0;0;0;0;0;0;0;0;0;0;0;0;0;0;0;0;0;0;0;0;0;0;0;0;0;0;0;0;0;0;0;0;1;0;0;1;0;0;0;0;0;0;0;0;0;0;0;0;0;0;0;0;0;1;0;1;1;1;0;2
Camarões;0;0;0;0;0;0;0;0;0;0;0;0;0;0;0;0;0;0;0;0;0;0;0;0;0;0;0;0;0;0;0;0;0;0;0;0;0;0;0;0;0;0;0;0;0;0;0;0;0;0;0;0;0;0;0;0;0;0;0;0;0;1;0;1;0;0;0;0;0;0;0;0;0;0;0;0;0;0;1;1;0;0;0;0;0;0;0;0;0;0;0;0;1;0;0;1;1;0;0;1;1;0;0;1;0;0;1;1;0;0;0;0;3;1;2;6
Canadá;0;0;0;0;1;0;1;2;4;1;1;6;3;3;10;16;3;2;3;8;3;3;9;15;0;3;1;4;4;4;7;15;2;5;8;15;1;3;5;9;0;1;2;3;1;2;0;3;2;1;3;6;0;1;0;1;1;2;1;4;1;3;1;5;0;2;3;5;0;5;6;11;0;0;0;0;10;18;16;44;3;2;5;9;7;4;7;18;3;11;8;22;3;3;8;14;3;6;3;12;3;9;8;20;2;5;11;18;4;3;15;22;64;102;136;302
Catar;0;0;0;0;0;0;0;0;0;0;0;0;0;0;0;0;0;0;0;0;0;0;0;0;0;0;0;0;0;0;0;0;0;0;0;0;0;0;0;0;0;0;0;0;0;0;0;0;0;0;0;0;0;0;0;0;0;0;0;0;0;0;0;0;0;0;0;0;0;0;0;0;0;0;0;0;0;0;0;0;0;0;0;0;0;0;1;1;0;0;0;0;0;0;1;1;0;0;0;0;0;0;0;0;0;0;2;2;0;1;0;1;0;1;4;5
Cazaquistão;0;0;0;0;0;0;0;0;0;0;0;0;0;0;0;0;0;0;0;0;0;0;0;0;0;0;0;0;0;0;0;0;0;0;0;0;0;0;0;0;0;0;0;0;0;0;0;0;0;0;0;0;0;0;0;0;0;0;0;0;0;0;0;0;0;0;0;0;0;0;0;0;0;0;0;0;0;0;0;0;0;0;0;0;0;0;0;0;3;4;4;11;3;4;0;7;1;4;3;8;2;2;4;8;3;1;6;10;3;5;9;17;15;20;27;62
Ceilão;0;0;0;0;0;0;0;0;0;0;0;0;0;0;0;0;0;0;0;0;0;0;0;0;0;0;0;0;0;0;0;0;0;0;0;0;0;0;0;0;0;1;0;1;0;0;0;0;0;0;0;0;0;0;0;0;0;0;0;0;0;0;0;0;0;0;0;0;0;0;0;0;0;0;0;0;0;0;0;0;0;0;0;0;0;0;0;0;0;0;0;0;0;0;0;0;0;0;0;0;0;0;0;0;0;0;0;0;0;0;0;0;0;0;0;0
Checoslováquia;0;0;0;0;0;0;0;0;0;0;0;0;0;0;0;0;0;0;0;0;0;0;2;2;1;4;5;10;2;5;2;9;1;2;1;4;3;5;0;8;6;2;3;11;7;3;3;13;1;4;1;6;3;2;3;8;5;6;3;14;7;2;4;13;2;4;2;8;2;2;4;8;2;3;9;14;0;0;0;0;3;3;2;8;4;2;1;7;0;0;0;0;0;0;0;0;0;0;0;0;0;0;0;0;0;0;0;0;0;0;0;0;49;49;45;143
Chile;0;0;0;0;0;0;0;0;0;0;0;0;0;0;0;0;0;0;0;0;0;0;0;0;0;0;0;0;0;1;0;1;0;0;0;0;0;0;0;0;0;0;0;0;0;2;0;2;0;2;2;4;0;0;0;0;0;0;0;0;0;0;0;0;0;0;0;0;0;0;0;0;0;0;0;0;0;0;0;0;0;1;0;1;0;0;0;0;0;0;0;0;0;0;1;1;2;0;1;3;0;1;0;1;0;0;0;0;0;0;0;0;2;7;4;13
China;0;0;0;0;0;0;0;0;0;0;0;0;0;0;0;0;0;0;0;0;0;0;0;0;0;0;0;0;0;0;0;0;0;0;0;0;0;0;0;0;0;0;0;0;0;0;0;0;0;0;0;0;0;0;0;0;0;0;0;0;0;0;0;0;0;0;0;0;0;0;0;0;0;0;0;0;15;8;9;32;5;11;12;28;16;22;16;54;16;22;12;50;28;16;14;58;32;17;14;63;48;22;30;100;38;30;22;90;26;18;26;70;224;167;155;546
Chipre;0;0;0;0;0;0;0;0;0;0;0;0;0;0;0;0;0;0;0;0;0;0;0;0;0;0;0;0;0;0;0;0;0;0;0;0;0;0;0;0;0;0;0;0;0;0;0;0;0;0;0;0;0;0;0;0;0;0;0;0;0;0;0;0;0;0;0;0;0;0;0;0;0;0;0;0;0;0;0;0;0;0;0;0;0;0;0;0;0;0;0;0;0;0;0;0;0;0;0;0;0;0;0;0;0;1;0;1;0;0;0;0;0;1;0;1
Colômbia;0;0;0;0;0;0;0;0;0;0;0;0;0;0;0;0;0;0;0;0;0;0;0;0;0;0;0;0;0;0;0;0;0;0;0;0;0;0;0;0;0;0;0;0;0;0;0;0;0;0;0;0;0;0;0;0;0;0;0;0;0;0;0;0;0;1;2;3;0;0;0;0;0;0;0;0;0;1;0;1;0;0;1;1;0;0;1;1;0;0;0;0;1;0;0;1;0;0;2;2;0;2;1;3;1;3;4;8;3;2;3;8;5;9;14;28
Coreia do Norte;0;0;0;0;0;0;0;0;0;0;0;0;0;0;0;0;0;0;0;0;0;0;0;0;0;0;0;0;0;0;0;0;0;0;0;0;0;0;0;0;0;0;0;0;0;0;0;0;0;0;0;0;0;0;0;0;0;0;0;0;0;0;0;0;1;1;3;5;1;1;0;2;0;3;2;5;0;0;0;0;0;0;0;0;4;0;5;9;2;1;2;5;0;1;3;4;0;4;1;5;2;2;2;6;4;0;2;6;2;3;2;7;16;16;22;54
Coreia do Sul;0;0;0;0;0;0;0;0;0;0;0;0;0;0;0;0;0;0;0;0;0;0;0;0;0;0;0;0;0;0;0;0;0;0;0;0;0;0;0;0;0;0;2;2;0;0;2;2;0;1;1;2;0;0;0;0;0;2;1;3;0;1;1;2;0;1;0;1;1;1;4;6;0;0;0;0;6;6;7;19;12;10;11;33;12;5;12;29;7;15;5;27;8;10;10;28;9;12;9;30;13;11;8;32;13;9;8;30;9;3;9;21;90;87;90;267
Costa do Marfim;0;0;0;0;0;0;0;0;0;0;0;0;0;0;0;0;0;0;0;0;0;0;0;0;0;0;0;0;0;0;0;0;0;0;0;0;0;0;0;0;0;0;0;0;0;0;0;0;0;0;0;0;0;0;0;0;0;0;0;0;0;0;0;0;0;0;0;0;0;0;0;0;0;0;0;0;0;1;0;1;0;0;0;0;0;0;0;0;0;0;0;0;0;0;0;0;0;0;0;0;0;0;0;0;0;0;0;0;1;0;1;2;1;1;1;3
Costa Rica;0;0;0;0;0;0;0;0;0;0;0;0;0;0;0;0;0;0;0;0;0;0;0;0;0;0;0;0;0;0;0;0;0;0;0;0;0;0;0;0;0;0;0;0;0;0;0;0;0;0;0;0;0;0;0;0;0;0;0;0;0;0;0;0;0;0;0;0;0;0;0;0;0;0;0;0;0;0;0;0;0;1;0;1;0;0;0;0;1;0;0;1;0;0;2;2;0;0;0;0;0;0;0;0;0;0;0;0;0;0;0;0;1;1;2;4
Croácia;0;0;0;0;0;0;0;0;0;0;0;0;0;0;0;0;0;0;0;0;0;0;0;0;0;0;0;0;0;0;0;0;0;0;0;0;0;0;0;0;0;0;0;0;0;0;0;0;0;0;0;0;0;0;0;0;0;0;0;0;0;0;0;0;0;0;0;0;0;0;0;0;0;0;0;0;0;0;0;0;0;0;0;0;0;1;2;3;1;1;0;2;1;0;1;2;1;2;2;5;0;2;3;5;3;1;2;6;5;3;2;10;11;10;12;33
Cuba;0;0;0;0;1;1;0;2;4;2;3;9;0;0;0;0;0;0;0;0;0;0;0;0;0;0;0;0;0;0;0;0;0;0;0;0;0;0;0;0;0;1;0;1;0;0;0;0;0;0;0;0;0;0;0;0;0;1;0;1;0;4;0;4;3;1;4;8;6;4;3;13;8;7;5;20;0;0;0;0;0;0;0;0;14;6;11;31;9;8;8;25;11;11;7;29;9;7;11;27;3;10;16;29;5;3;7;15;5;2;4;11;78;68;79;225
Dinamarca;1;2;3;6;1;3;2;6;0;0;0;0;0;2;3;5;1;6;5;12;3;9;1;13;2;5;2;9;3;1;2;6;0;3;3;6;0;2;3;5;5;7;8;20;2;1;3;6;1;2;1;4;2;3;1;6;2;1;3;6;1;4;3;8;1;0;0;1;1;0;2;3;2;1;2;5;0;3;3;6;2;1;1;4;1;1;4;6;4;1;1;6;2;3;1;6;2;1;5;8;2;2;3;7;2;4;3;9;2;6;7;15;45;74;75;194
Djibuti;0;0;0;0;0;0;0;0;0;0;0;0;0;0;0;0;0;0;0;0;0;0;0;0;0;0;0;0;0;0;0;0;0;0;0;0;0;0;0;0;0;0;0;0;0;0;0;0;0;0;0;0;0;0;0;0;0;0;0;0;0;0;0;0;0;0;0;0;0;0;0;0;0;0;0;0;0;0;0;0;0;0;1;1;0;0;0;0;0;0;0;0;0;0;0;0;0;0;0;0;0;0;0;0;0;0;0;0;0;0;0;0;0;0;1;1
Egito;0;0;0;0;0;0;0;0;0;0;0;0;0;0;0;0;0;0;0;0;0;0;0;0;0;0;0;0;2;1;1;4;0;0;0;0;2;1;2;5;2;2;1;5;0;0;1;1;0;0;0;0;0;1;1;2;0;0;0;0;0;0;0;0;0;0;0;0;0;0;0;0;0;0;0;0;0;1;0;1;0;0;0;0;0;0;0;0;0;0;0;0;0;0;0;0;1;1;3;5;0;0;2;2;0;3;1;4;0;0;3;3;7;10;15;32
Emirados Árabes Unidos;0;0;0;0;0;0;0;0;0;0;0;0;0;0;0;0;0;0;0;0;0;0;0;0;0;0;0;0;0;0;0;0;0;0;0;0;0;0;0;0;0;0;0;0;0;0;0;0;0;0;0;0;0;0;0;0;0;0;0;0;0;0;0;0;0;0;0;0;0;0;0;0;0;0;0;0;0;0;0;0;0;0;0;0;0;0;0;0;0;0;0;0;0;0;0;0;1;0;0;1;0;0;0;0;0;0;0;0;0;0;1;1;1;0;1;2
Equador;0;0;0;0;0;0;0;0;0;0;0;0;0;0;0;0;0;0;0;0;0;0;0;0;0;0;0;0;0;0;0;0;0;0;0;0;0;0;0;0;0;0;0;0;0;0;0;0;0;0;0;0;0;0;0;0;0;0;0;0;0;0;0;0;0;0;0;0;0;0;0;0;0;0;0;0;0;0;0;0;0;0;0;0;0;0;0;0;1;0;0;1;0;0;0;0;0;0;0;0;0;1;0;1;0;0;0;0;0;0;0;0;1;1;0;2
Equipa Alemã Unida;0;0;0;0;0;0;0;0;0;0;0;0;0;0;0;0;0;0;0;0;0;0;0;0;0;0;0;0;0;0;0;0;0;0;0;0;0;0;0;0;0;0;0;0;0;0;0;0;6;13;7;26;12;19;11;42;10;22;18;50;0;0;0;0;0;0;0;0;0;0;0;0;0;0;0;0;0;0;0;0;0;0;0;0;0;0;0;0;0;0;0;0;0;0;0;0;0;0;0;0;0;0;0;0;0;0;0;0;0;0;0;0;28;54;36;118
Equipa Mista;1;1;1;3;6;3;3;12;1;1;0;2;0;0;0;0;0;0;0;0;0;0;0;0;0;0;0;0;0;0;0;0;0;0;0;0;0;0;0;0;0;0;0;0;0;0;0;0;0;0;0;0;0;0;0;0;0;0;0;0;0;0;0;0;0;0;0;0;0;0;0;0;0;0;0;0;0;0;0;0;0;0;0;0;0;0;0;0;0;0;0;0;0;0;0;0;0;0;0;0;0;0;0;0;0;0;0;0;0;0;0;0;8;5;4;17
Equipa Unificada;0;0;0;0;0;0;0;0;0;0;0;0;0;0;0;0;0;0;0;0;0;0;0;0;0;0;0;0;0;0;0;0;0;0;0;0;0;0;0;0;0;0;0;0;0;0;0;0;0;0;0;0;0;0;0;0;0;0;0;0;0;0;0;0;0;0;0;0;0;0;0;0;0;0;0;0;0;0;0;0;0;0;0;0;45;38;29;112;0;0;0;0;0;0;0;0;0;0;0;0;0;0;0;0;0;0;0;0;0;0;0;0;45;38;29;112
Eritreia;0;0;0;0;0;0;0;0;0;0;0;0;0;0;0;0;0;0;0;0;0;0;0;0;0;0;0;0;0;0;0;0;0;0;0;0;0;0;0;0;0;0;0;0;0;0;0;0;0;0;0;0;0;0;0;0;0;0;0;0;0;0;0;0;0;0;0;0;0;0;0;0;0;0;0;0;0;0;0;0;0;0;0;0;0;0;0;0;0;0;0;0;0;0;0;0;0;0;1;1;0;0;0;0;0;0;0;0;0;0;0;0;0;0;1;1
Eslováquia;0;0;0;0;0;0;0;0;0;0;0;0;0;0;0;0;0;0;0;0;0;0;0;0;0;0;0;0;0;0;0;0;0;0;0;0;0;0;0;0;0;0;0;0;0;0;0;0;0;0;0;0;0;0;0;0;0;0;0;0;0;0;0;0;0;0;0;0;0;0;0;0;0;0;0;0;0;0;0;0;0;0;0;0;0;0;0;0;1;1;1;3;1;3;1;5;2;2;2;6;3;3;0;6;0;1;3;4;2;2;0;4;9;12;7;28
Eslovênia;0;0;0;0;0;0;0;0;0;0;0;0;0;0;0;0;0;0;0;0;0;0;0;0;0;0;0;0;0;0;0;0;0;0;0;0;0;0;0;0;0;0;0;0;0;0;0;0;0;0;0;0;0;0;0;0;0;0;0;0;0;0;0;0;0;0;0;0;0;0;0;0;0;0;0;0;0;0;0;0;0;0;0;0;0;0;2;2;0;2;0;2;2;0;0;2;0;1;3;4;1;2;2;5;1;1;2;4;1;2;1;4;5;8;10;23
Espanha;0;0;0;0;1;0;0;1;0;0;0;0;0;0;0;0;0;0;0;0;0;2;0;2;0;0;0;0;1;0;0;1;0;0;1;1;0;0;0;0;0;1;0;1;0;1;0;1;0;0;0;0;0;0;1;1;0;0;0;0;0;0;0;0;0;0;1;1;0;2;0;2;1;3;2;6;1;2;2;5;1;1;2;4;13;7;2;22;5;6;6;17;3;3;5;11;3;11;6;20;5;11;3;19;4;10;4;18;7;4;6;17;45;64;41;150
Estados Unidos;11;7;2;20;19;14;14;47;79;83;80;242;23;12;12;47;25;19;19;63;41;27;27;95;45;27;27;99;22;18;16;56;41;32;30;103;24;20;12;56;38;27;19;84;40;19;17;76;32;25;17;74;34;21;16;71;36;26;28;90;45;28;34;107;33;31;30;94;34;35;25;94;0;0;0;0;83;61;30;174;36;31;27;94;37;34;37;108;44;32;25;101;37;24;32;93;36;39;26;101;36;39;37;112;46;28;29;103;46;37;38;121;1022;795;705;2522
Estônia;0;0;0;0;0;0;0;0;0;0;0;0;0;0;0;0;0;0;0;0;1;2;0;3;1;1;4;6;2;1;2;5;0;0;0;0;2;2;3;7;0;0;0;0;0;0;0;0;0;0;0;0;0;0;0;0;0;0;0;0;0;0;0;0;0;0;0;0;0;0;0;0;0;0;0;0;0;0;0;0;0;0;0;0;1;0;1;2;0;0;0;0;1;0;2;3;0;1;2;3;1;1;0;2;0;1;1;2;0;0;1;1;9;9;16;34
Etiópia ;0;0;0;0;0;0;0;0;0;0;0;0;0;0;0;0;0;0;0;0;0;0;0;0;0;0;0;0;0;0;0;0;0;0;0;0;0;0;0;0;0;0;0;0;0;0;0;0;0;0;0;0;1;0;0;1;1;0;0;1;1;1;0;2;0;0;2;2;0;0;0;0;2;0;2;4;0;0;0;0;0;0;0;0;1;0;2;3;2;0;1;3;4;1;3;8;2;3;2;7;4;2;1;7;3;2;2;7;1;2;5;8;22;11;20;53
Federação das Índias Ocidentais;0;0;0;0;0;0;0;0;0;0;0;0;0;0;0;0;0;0;0;0;0;0;0;0;0;0;0;0;0;0;0;0;0;0;0;0;0;0;0;0;0;0;0;0;0;0;0;0;0;0;0;0;0;0;2;2;0;0;0;0;0;0;0;0;0;0;0;0;0;0;0;0;0;0;0;0;0;0;0;0;0;0;0;0;0;0;0;0;0;0;0;0;0;0;0;0;0;0;0;0;0;0;0;0;0;0;0;0;0;0;0;0;0;0;2;2
Fiji;0;0;0;0;0;0;0;0;0;0;0;0;0;0;0;0;0;0;0;0;0;0;0;0;0;0;0;0;0;0;0;0;0;0;0;0;0;0;0;0;0;0;0;0;0;0;0;0;0;0;0;0;0;0;0;0;0;0;0;0;0;0;0;0;0;0;0;0;0;0;0;0;0;0;0;0;0;0;0;0;0;0;0;0;0;0;0;0;0;0;0;0;0;0;0;0;0;0;0;0;0;0;0;0;0;0;0;0;1;0;0;1;1;0;0;1
Filipinas;0;0;0;0;0;0;0;0;0;0;0;0;0;0;0;0;0;0;0;0;0;0;0;0;0;0;0;0;0;0;1;1;0;0;3;3;0;0;1;1;0;0;0;0;0;0;0;0;0;0;0;0;0;0;0;0;0;1;0;1;0;0;0;0;0;0;0;0;0;0;0;0;0;0;0;0;0;0;0;0;0;0;1;1;0;0;1;1;0;1;0;1;0;0;0;0;0;0;0;0;0;0;0;0;0;0;0;0;0;1;0;1;0;3;7;10
Finlândia;0;0;0;0;0;0;0;0;0;0;0;0;1;1;3;5;9;8;9;26;15;10;9;34;14;13;10;37;8;8;9;25;5;8;12;25;7;6;6;19;8;7;5;20;6;3;13;22;3;1;11;15;1;1;3;5;3;0;2;5;1;2;1;4;3;1;4;8;4;2;0;6;3;1;4;8;4;2;6;12;1;1;2;4;1;2;2;5;1;2;1;4;2;1;1;4;0;2;0;2;1;1;2;4;0;2;1;3;0;0;1;1;101;85;117;303
França;5;4;2;11;26;41;34;101;0;0;0;0;5;5;9;19;7;4;3;14;9;19;13;41;13;15;10;38;6;10;5;21;10;5;4;19;7;6;6;19;10;6;13;29;6;6;6;18;4;4;6;14;0;2;3;5;1;8;6;15;7;3;5;15;2;4;7;13;2;3;4;9;6;5;3;14;5;7;16;28;6;4;6;16;8;5;16;29;15;7;15;37;13;14;11;38;11;9;13;33;7;16;20;43;11;11;13;35;10;18;14;42;212;241;263;716
Gabão;0;0;0;0;0;0;0;0;0;0;0;0;0;0;0;0;0;0;0;0;0;0;0;0;0;0;0;0;0;0;0;0;0;0;0;0;0;0;0;0;0;0;0;0;0;0;0;0;0;0;0;0;0;0;0;0;0;0;0;0;0;0;0;0;0;0;0;0;0;0;0;0;0;0;0;0;0;0;0;0;0;0;0;0;0;0;0;0;0;0;0;0;0;0;0;0;0;0;0;0;0;0;0;0;0;1;0;1;0;0;0;0;0;1;0;1
Gana;0;0;0;0;0;0;0;0;0;0;0;0;0;0;0;0;0;0;0;0;0;0;0;0;0;0;0;0;0;0;0;0;0;0;0;0;0;0;0;0;0;0;0;0;0;0;0;0;0;0;0;0;0;1;0;1;0;0;1;1;0;0;0;0;0;0;1;1;0;0;0;0;0;0;0;0;0;0;0;0;0;0;0;0;0;0;1;1;0;0;0;0;0;0;0;0;0;0;0;0;0;0;0;0;0;0;0;0;0;0;0;0;0;1;3;4
Geórgia;0;0;0;0;0;0;0;0;0;0;0;0;0;0;0;0;0;0;0;0;0;0;0;0;0;0;0;0;0;0;0;0;0;0;0;0;0;0;0;0;0;0;0;0;0;0;0;0;0;0;0;0;0;0;0;0;0;0;0;0;0;0;0;0;0;0;0;0;0;0;0;0;0;0;0;0;0;0;0;0;0;0;0;0;0;0;0;0;0;0;2;2;0;0;6;6;2;2;0;4;3;2;2;7;1;3;3;7;2;1;4;7;8;8;17;33
Grã-Bretanha;2;3;2;7;15;6;9;30;1;1;0;2;56;51;39;146;10;15;16;41;15;15;13;43;9;13;12;34;3;10;7;20;4;7;5;16;4;7;3;14;3;14;6;23;1;2;8;11;6;7;11;24;2;6;12;20;4;12;2;18;5;5;3;13;4;5;9;18;3;5;5;13;5;7;9;21;5;11;21;37;5;10;9;24;5;3;12;20;1;8;6;15;11;10;7;28;9;9;12;30;19;13;17;49;29;17;19;65;27;23;17;67;263;295;291;849
Granada;0;0;0;0;0;0;0;0;0;0;0;0;0;0;0;0;0;0;0;0;0;0;0;0;0;0;0;0;0;0;0;0;0;0;0;0;0;0;0;0;0;0;0;0;0;0;0;0;0;0;0;0;0;0;0;0;0;0;0;0;0;0;0;0;0;0;0;0;0;0;0;0;0;0;0;0;0;0;0;0;0;0;0;0;0;0;0;0;0;0;0;0;0;0;0;0;0;0;0;0;0;0;0;0;1;0;0;1;0;1;0;1;1;1;0;2
Grécia;10;17;19;46;0;0;0;0;1;0;1;2;0;3;0;3;1;0;1;2;0;1;0;1;0;0;0;0;0;0;0;0;0;0;0;0;0;0;0;0;0;0;0;0;0;0;0;0;0;0;1;1;1;0;0;1;0;0;0;0;0;0;1;1;0;2;0;2;0;0;0;0;1;0;2;3;0;1;1;2;0;0;1;1;2;0;0;2;4;4;0;8;4;6;3;13;6;6;4;16;0;2;1;3;0;0;2;2;3;1;2;6;33;43;40;116
Guatemala;0;0;0;0;0;0;0;0;0;0;0;0;0;0;0;0;0;0;0;0;0;0;0;0;0;0;0;0;0;0;0;0;0;0;0;0;0;0;0;0;0;0;0;0;0;0;0;0;0;0;0;0;0;0;0;0;0;0;0;0;0;0;0;0;0;0;0;0;0;0;0;0;0;0;0;0;0;0;0;0;0;0;0;0;0;0;0;0;0;0;0;0;0;0;0;0;0;0;0;0;0;0;0;0;0;1;0;1;0;0;0;0;0;1;0;1
Guiana;0;0;0;0;0;0;0;0;0;0;0;0;0;0;0;0;0;0;0;0;0;0;0;0;0;0;0;0;0;0;0;0;0;0;0;0;0;0;0;0;0;0;0;0;0;0;0;0;0;0;0;0;0;0;0;0;0;0;0;0;0;0;0;0;0;0;0;0;0;0;0;0;0;0;1;1;0;0;0;0;0;0;0;0;0;0;0;0;0;0;0;0;0;0;0;0;0;0;0;0;0;0;0;0;0;0;0;0;0;0;0;0;0;0;1;1
Haiti;0;0;0;0;0;0;0;0;0;0;0;0;0;0;0;0;0;0;0;0;0;0;0;0;0;0;1;1;0;1;0;1;0;0;0;0;0;0;0;0;0;0;0;0;0;0;0;0;0;0;0;0;0;0;0;0;0;0;0;0;0;0;0;0;0;0;0;0;0;0;0;0;0;0;0;0;0;0;0;0;0;0;0;0;0;0;0;0;0;0;0;0;0;0;0;0;0;0;0;0;0;0;0;0;0;0;0;0;0;0;0;0;0;1;1;2
Hong Kong;0;0;0;0;0;0;0;0;0;0;0;0;0;0;0;0;0;0;0;0;0;0;0;0;0;0;0;0;0;0;0;0;0;0;0;0;0;0;0;0;0;0;0;0;0;0;0;0;0;0;0;0;0;0;0;0;0;0;0;0;0;0;0;0;0;0;0;0;0;0;0;0;0;0;0;0;0;0;0;0;0;0;0;0;0;0;0;0;1;0;0;1;0;0;0;0;0;1;0;1;0;0;0;0;0;0;1;1;0;0;0;0;1;1;1;3
Hungria;2;1;3;6;1;3;2;6;2;1;1;4;3;4;2;9;3;2;3;8;0;0;0;0;2;3;4;9;4;5;0;9;6;4;5;15;10;1;5;19;10;5;12;27;16;10;16;42;9;10;7;26;6;8;7;21;10;7;5;22;10;10;12;32;6;13;16;35;4;5;13;22;7;10;15;32;0;0;0;0;11;6;6;23;11;12;7;30;7;4;10;21;8;6;3;17;8;6;3;17;3;5;2;10;8;4;6;18;8;3;4;15;175;147;169;491
Ilhas Virgens Americanas;0;0;0;0;0;0;0;0;0;0;0;0;0;0;0;0;0;0;0;0;0;0;0;0;0;0;0;0;0;0;0;0;0;0;0;0;0;0;0;0;0;0;0;0;0;0;0;0;0;0;0;0;0;0;0;0;0;0;0;0;0;0;0;0;0;0;0;0;0;0;0;0;0;0;0;0;0;0;0;0;0;1;0;1;0;0;0;0;0;0;0;0;0;0;0;0;0;0;0;0;0;0;0;0;0;0;0;0;0;0;0;0;0;1;0;1
Império Russo;0;0;0;0;0;0;0;0;0;0;0;0;1;2;0;3;0;2;3;5;0;0;0;0;0;0;0;0;0;0;0;0;0;0;0;0;0;0;0;0;0;0;0;0;0;0;0;0;0;0;0;0;0;0;0;0;0;0;0;0;0;0;0;0;0;0;0;0;0;0;0;0;0;0;0;0;0;0;0;0;0;0;0;0;0;0;0;0;0;0;0;0;0;0;0;0;0;0;0;0;0;0;0;0;0;0;0;0;0;0;0;0;1;4;3;8
Índia;0;0;0;0;0;2;0;2;0;0;0;0;0;0;0;0;0;0;0;0;0;0;0;0;0;0;0;0;1;0;0;1;1;0;0;1;1;0;0;1;1;0;0;1;1;0;1;2;1;0;0;1;0;1;0;1;1;0;0;1;0;0;1;1;0;0;1;1;0;0;0;0;1;0;0;1;0;0;0;0;0;0;0;0;0;0;0;0;0;0;1;1;0;0;1;1;0;1;0;1;1;0;2;3;0;2;4;6;0;1;1;2;9;7;12;28
Indonésia;0;0;0;0;0;0;0;0;0;0;0;0;0;0;0;0;0;0;0;0;0;0;0;0;0;0;0;0;0;0;0;0;0;0;0;0;0;0;0;0;0;0;0;0;0;0;0;0;0;0;0;0;0;0;0;0;0;0;0;0;0;0;0;0;0;0;0;0;0;0;0;0;0;0;0;0;0;0;0;0;0;1;0;1;2;2;1;5;1;1;2;4;1;3;2;6;1;1;2;4;1;1;4;6;0;2;1;3;1;2;0;3;7;13;12;32
Irã;0;0;0;0;0;0;0;0;0;0;0;0;0;0;0;0;0;0;0;0;0;0;0;0;0;0;0;0;0;0;0;0;0;0;0;0;0;0;0;0;0;0;1;1;0;3;4;7;2;2;1;5;0;1;3;4;0;0;2;2;2;1;2;5;0;2;1;3;0;1;1;2;0;0;0;0;0;0;0;0;0;1;0;1;0;1;2;3;1;1;1;3;3;0;1;4;2;2;2;6;1;0;1;2;5;6;2;13;3;1;4;8;19;22;28;69
Iraque;0;0;0;0;0;0;0;0;0;0;0;0;0;0;0;0;0;0;0;0;0;0;0;0;0;0;0;0;0;0;0;0;0;0;0;0;0;0;0;0;0;0;0;0;0;0;0;0;0;0;0;0;0;0;1;1;0;0;0;0;0;0;0;0;0;0;0;0;0;0;0;0;0;0;0;0;0;0;0;0;0;0;0;0;0;0;0;0;0;0;0;0;0;0;0;0;0;0;0;0;0;0;0;0;0;0;0;0;0;0;0;0;0;0;1;1
Irlanda;0;0;0;0;0;0;0;0;0;0;0;0;0;0;0;0;0;0;0;0;0;0;0;0;0;0;0;0;1;0;0;1;2;0;0;2;0;0;0;0;0;0;0;0;0;1;0;1;1;1;3;5;0;0;0;0;0;0;1;1;0;0;0;0;0;0;0;0;0;0;0;0;0;1;1;2;0;1;0;1;0;0;0;0;1;1;0;2;3;0;1;4;0;1;0;1;0;0;0;0;0;1;2;3;1;1;4;6;0;2;0;2;9;10;12;31
Islândia;0;0;0;0;0;0;0;0;0;0;0;0;0;0;0;0;0;0;0;0;0;0;0;0;0;0;0;0;0;0;0;0;0;0;0;0;0;0;0;0;0;0;0;0;0;0;0;0;0;1;0;1;0;0;0;0;0;0;0;0;0;0;0;0;0;0;0;0;0;0;0;0;0;0;0;0;0;0;1;1;0;0;0;0;0;0;0;0;0;0;0;0;0;0;1;1;0;0;0;0;0;1;0;1;0;0;0;0;0;0;0;0;0;2;2;4
Israel;0;0;0;0;0;0;0;0;0;0;0;0;0;0;0;0;0;0;0;0;0;0;0;0;0;0;0;0;0;0;0;0;0;0;0;0;0;0;0;0;0;0;0;0;0;0;0;0;0;0;0;0;0;0;0;0;0;0;0;0;0;0;0;0;0;0;0;0;0;0;0;0;0;0;0;0;0;0;0;0;0;0;0;0;0;1;1;2;0;0;1;1;0;0;1;1;1;0;1;2;0;0;1;1;0;0;0;0;0;0;2;2;1;1;7;9
Itália;0;0;0;0;2;1;0;3;0;0;0;0;2;2;0;4;3;1;2;6;13;15;5;23;8;3;5;16;7;5;7;19;12;12;12;36;8;9;5;22;8;11;8;27;8;9;4;21;8;8;9;25;13;10;13;36;10;10;7;27;3;4;9;16;5;3;10;18;2;7;4;13;8;3;4;15;14;6;12;32;6;4;4;14;6;5;8;19;13;10;12;35;13;8;13;34;10;11;11;32;8;9;10;27;8;9;11;28;8;12;8;28;206;178;193;577
Jamaica;0;0;0;0;0;0;0;0;0;0;0;0;0;0;0;0;0;0;0;0;0;0;0;0;0;0;0;0;0;0;0;0;0;0;0;0;0;0;0;0;1;2;0;3;2;3;0;5;0;0;0;0;0;0;0;0;0;0;0;0;0;1;0;1;0;0;1;1;1;1;0;2;0;0;3;3;0;1;2;3;0;2;0;2;0;3;1;4;1;3;2;6;0;6;3;9;2;1;2;5;5;4;1;10;4;5;3;12;6;3;2;11;22;35;20;77
Japão;0;0;0;0;0;0;0;0;0;0;0;0;0;0;0;0;0;0;0;0;0;2;0;2;0;0;1;1;2;2;1;5;7;7;4;18;6;4;8;18;0;0;0;0;1;6;2;9;4;10;5;19;4;7;7;18;16;5;8;29;11;7;7;25;13;8;8;29;9;6;10;25;0;0;0;0;10;8;14;32;4;3;7;14;3;8;11;22;3;6;5;14;5;8;5;18;16;9;12;37;9;7;9;25;7;14;17;38;12;8;21;41;142;135;162;439
Jordânia;0;0;0;0;0;0;0;0;0;0;0;0;0;0;0;0;0;0;0;0;0;0;0;0;0;0;0;0;0;0;0;0;0;0;0;0;0;0;0;0;0;0;0;0;0;0;0;0;0;0;0;0;0;0;0;0;0;0;0;0;0;0;0;0;0;0;0;0;0;0;0;0;0;0;0;0;0;0;0;0;0;0;0;0;0;0;0;0;0;0;0;0;0;0;0;0;0;0;0;0;0;0;0;0;0;0;0;0;1;0;0;1;1;0;0;1
Kosovo;0;0;0;0;0;0;0;0;0;0;0;0;0;0;0;0;0;0;0;0;0;0;0;0;0;0;0;0;0;0;0;0;0;0;0;0;0;0;0;0;0;0;0;0;0;0;0;0;0;0;0;0;0;0;0;0;0;0;0;0;0;0;0;0;0;0;0;0;0;0;0;0;0;0;0;0;0;0;0;0;0;0;0;0;0;0;0;0;0;0;0;0;0;0;0;0;0;0;0;0;0;0;0;0;0;0;0;0;1;0;0;1;1;0;0;1
Kuwait;0;0;0;0;0;0;0;0;0;0;0;0;0;0;0;0;0;0;0;0;0;0;0;0;0;0;0;0;0;0;0;0;0;0;0;0;0;0;0;0;0;0;0;0;0;0;0;0;0;0;0;0;0;0;0;0;0;0;0;0;0;0;0;0;0;0;0;0;0;0;0;0;0;0;0;0;0;0;0;0;0;0;0;0;0;0;0;0;0;0;0;0;0;0;1;1;0;0;0;0;0;0;0;0;0;0;1;1;0;0;0;0;0;0;2;2
Letônia ;0;0;0;0;0;0;0;0;0;0;0;0;0;0;0;0;0;0;0;0;0;0;0;0;0;0;0;0;0;0;0;0;0;1;0;1;0;1;1;2;0;0;0;0;0;0;0;0;0;0;0;0;0;0;0;0;0;0;0;0;0;0;0;0;0;0;0;0;0;0;0;0;0;0;0;0;0;0;0;0;0;0;0;0;0;2;1;3;0;1;0;1;1;1;1;3;0;4;0;4;1;1;1;3;1;0;1;2;0;0;0;0;3;11;5;19
Líbano;0;0;0;0;0;0;0;0;0;0;0;0;0;0;0;0;0;0;0;0;0;0;0;0;0;0;0;0;0;0;0;0;0;0;0;0;0;0;0;0;0;0;0;0;0;1;1;2;0;0;0;0;0;0;0;0;0;0;0;0;0;0;0;0;0;1;0;1;0;0;0;0;0;0;1;1;0;0;0;0;0;0;0;0;0;0;0;0;0;0;0;0;0;0;0;0;0;0;0;0;0;0;0;0;0;0;0;0;0;0;0;0;0;2;2;4
Lituânia;0;0;0;0;0;0;0;0;0;0;0;0;0;0;0;0;0;0;0;0;0;0;0;0;0;0;0;0;0;0;0;0;0;0;0;0;0;0;0;0;0;0;0;0;0;0;0;0;0;0;0;0;0;0;0;0;0;0;0;0;0;0;0;0;0;0;0;0;0;0;0;0;0;0;0;0;0;0;0;0;0;0;0;0;1;0;1;2;0;0;1;1;2;0;3;5;1;2;0;3;0;3;2;5;2;1;2;5;0;1;3;4;6;7;12;25
Lugoslávia;0;0;0;0;0;0;0;0;0;0;0;0;0;0;0;0;0;0;0;0;0;0;0;0;2;0;0;2;1;1;3;5;0;0;0;0;0;1;0;1;0;2;0;2;1;2;0;3;0;3;0;3;1;1;0;2;2;1;2;5;3;3;2;8;2;1;2;5;2;3;3;8;2;3;4;9;7;4;7;18;3;4;5;12;0;0;0;0;1;1;2;4;1;1;1;3;0;0;0;0;0;0;0;0;0;0;0;0;0;0;0;0;26;29;28;83
Luxemburgo;0;0;0;0;0;0;0;0;0;0;0;0;0;0;0;0;0;0;0;0;0;1;0;1;0;0;0;0;0;0;0;0;0;0;0;0;0;0;0;0;0;0;0;0;1;0;0;1;0;0;0;0;0;0;0;0;0;0;0;0;0;0;0;0;0;0;0;0;0;0;0;0;0;0;0;0;0;0;0;0;0;0;0;0;0;0;0;0;0;0;0;0;0;0;0;0;0;0;0;0;0;0;0;0;0;0;0;0;0;0;0;0;1;1;0;2
Malásia;0;0;0;0;0;0;0;0;0;0;0;0;0;0;0;0;0;0;0;0;0;0;0;0;0;0;0;0;0;0;0;0;0;0;0;0;0;0;0;0;0;0;0;0;0;0;0;0;0;0;0;0;0;0;0;0;0;0;0;0;0;0;0;0;0;0;0;0;0;0;0;0;0;0;0;0;0;0;0;0;0;0;0;0;0;0;1;1;0;1;1;2;0;0;0;0;0;0;0;0;0;1;0;1;0;1;1;2;0;4;1;5;0;7;4;11
Marrocos;0;0;0;0;0;0;0;0;0;0;0;0;0;0;0;0;0;0;0;0;0;0;0;0;0;0;0;0;0;0;0;0;0;0;0;0;0;0;0;0;0;0;0;0;0;0;0;0;0;0;0;0;0;1;0;1;0;0;0;0;0;0;0;0;0;0;0;0;0;0;0;0;0;0;0;0;2;0;0;2;1;0;2;3;1;1;1;3;0;0;2;2;0;1;4;5;2;1;0;3;0;1;1;2;0;0;1;1;0;0;1;1;6;5;12;23
Maurício;0;0;0;0;0;0;0;0;0;0;0;0;0;0;0;0;0;0;0;0;0;0;0;0;0;0;0;0;0;0;0;0;0;0;0;0;0;0;0;0;0;0;0;0;0;0;0;0;0;0;0;0;0;0;0;0;0;0;0;0;0;0;0;0;0;0;0;0;0;0;0;0;0;0;0;0;0;0;0;0;0;0;0;0;0;0;0;0;0;0;0;0;0;0;0;0;0;0;0;0;0;0;1;1;0;0;0;0;0;0;0;0;0;0;1;1
México;0;0;0;0;0;0;1;1;0;0;0;0;0;0;0;0;0;0;0;0;0;0;0;0;0;0;0;0;0;0;0;0;0;2;0;2;0;0;3;3;2;1;2;5;0;1;0;1;1;0;1;2;0;0;1;1;0;0;1;1;3;3;3;9;0;1;0;1;1;0;1;2;0;1;3;4;2;3;1;6;0;0;2;2;0;1;0;1;0;0;1;1;1;2;3;6;0;3;1;4;2;0;2;4;1;3;4;8;0;3;2;5;13;24;32;69
Moçambique;0;0;0;0;0;0;0;0;0;0;0;0;0;0;0;0;0;0;0;0;0;0;0;0;0;0;0;0;0;0;0;0;0;0;0;0;0;0;0;0;0;0;0;0;0;0;0;0;0;0;0;0;0;0;0;0;0;0;0;0;0;0;0;0;0;0;0;0;0;0;0;0;0;0;0;0;0;0;0;0;0;0;0;0;0;0;0;0;0;0;1;1;1;0;0;1;0;0;0;0;0;0;0;0;0;0;0;0;0;0;0;0;1;0;1;2
Moldávia;0;0;0;0;0;0;0;0;0;0;0;0;0;0;0;0;0;0;0;0;0;0;0;0;0;0;0;0;0;0;0;0;0;0;0;0;0;0;0;0;0;0;0;0;0;0;0;0;0;0;0;0;0;0;0;0;0;0;0;0;0;0;0;0;0;0;0;0;0;0;0;0;0;0;0;0;0;0;0;0;0;0;0;0;0;0;0;0;0;1;1;2;0;1;1;2;0;0;0;0;0;0;1;1;0;0;0;0;0;0;1;1;0;2;3;5
Mongólia;0;0;0;0;0;0;0;0;0;0;0;0;0;0;0;0;0;0;0;0;0;0;0;0;0;0;0;0;0;0;0;0;0;0;0;0;0;0;0;0;0;0;0;0;0;0;0;0;0;0;0;0;0;0;0;0;0;0;0;0;0;1;3;4;0;1;0;1;0;1;0;1;0;2;2;4;0;0;0;0;0;0;1;1;0;0;2;2;0;0;1;1;0;0;0;0;0;0;1;1;2;2;0;4;0;2;3;5;0;1;1;2;2;10;14;26
Montenegro;0;0;0;0;0;0;0;0;0;0;0;0;0;0;0;0;0;0;0;0;0;0;0;0;0;0;0;0;0;0;0;0;0;0;0;0;0;0;0;0;0;0;0;0;0;0;0;0;0;0;0;0;0;0;0;0;0;0;0;0;0;0;0;0;0;0;0;0;0;0;0;0;0;0;0;0;0;0;0;0;0;0;0;0;0;0;0;0;0;0;0;0;0;0;0;0;0;0;0;0;0;0;0;0;0;1;0;1;0;0;0;0;0;1;0;1
Namíbia;0;0;0;0;0;0;0;0;0;0;0;0;0;0;0;0;0;0;0;0;0;0;0;0;0;0;0;0;0;0;0;0;0;0;0;0;0;0;0;0;0;0;0;0;0;0;0;0;0;0;0;0;0;0;0;0;0;0;0;0;0;0;0;0;0;0;0;0;0;0;0;0;0;0;0;0;0;0;0;0;0;0;0;0;0;2;0;2;0;2;0;2;0;0;0;0;0;0;0;0;0;0;0;0;0;0;0;0;0;0;0;0;0;4;0;4
Níger;0;0;0;0;0;0;0;0;0;0;0;0;0;0;0;0;0;0;0;0;0;0;0;0;0;0;0;0;0;0;0;0;0;0;0;0;0;0;0;0;0;0;0;0;0;0;0;0;0;0;0;0;0;0;0;0;0;0;0;0;0;0;0;0;0;0;1;1;0;0;0;0;0;0;0;0;0;0;0;0;0;0;0;0;0;0;0;0;0;0;0;0;0;0;0;0;0;0;0;0;0;0;0;0;0;0;0;0;0;1;0;1;0;1;1;2
Nigéria;0;0;0;0;0;0;0;0;0;0;0;0;0;0;0;0;0;0;0;0;0;0;0;0;0;0;0;0;0;0;0;0;0;0;0;0;0;0;0;0;0;0;0;0;0;0;0;0;0;0;0;0;0;0;0;0;0;0;1;1;0;0;0;0;0;0;1;1;0;0;0;0;0;0;0;0;0;1;1;2;0;0;0;0;0;3;1;4;2;1;3;6;1;2;0;3;0;0;2;2;0;3;2;5;0;0;0;0;0;0;1;1;3;10;12;25
Noruega;0;0;0;0;0;2;3;5;0;0;0;0;2;3;3;8;4;1;4;9;13;19;9;31;5;2;3;10;1;2;1;4;0;0;0;0;1;3;2;6;1;3;3;7;3;2;0;5;1;0;2;3;1;0;0;1;0;0;0;0;1;1;0;2;2;1;1;4;1;1;0;2;0;0;0;0;0;1;2;3;2;3;0;5;2;4;1;7;2;2;3;7;4;3;3;10;5;0;1;6;3;5;1;9;2;1;1;4;0;0;4;4;56;49;47;152
Nova Zelândia;0;0;0;0;0;0;0;0;0;0;0;0;0;0;0;0;0;0;0;0;0;0;1;1;0;0;1;1;1;0;0;1;0;1;0;1;1;0;0;1;0;0;0;0;1;0;2;3;2;0;0;2;2;0;1;3;3;0;2;5;1;0;2;3;1;1;1;3;2;1;1;4;0;0;0;0;8;1;2;11;3;2;8;13;1;4;5;10;3;2;1;6;1;0;3;4;3;2;0;5;3;2;4;9;6;2;5;13;4;9;5;18;46;27;44;117
Países Baixos ( Holanda);0;0;0;0;0;1;3;4;0;0;0;0;0;0;2;2;0;0;3;3;4;2;5;11;4;1;5;10;6;9;4;19;2;5;0;7;6;4;7;17;5;2;9;16;0;5;0;5;0;0;0;0;0;1;2;3;2;4;4;10;3;3;1;7;3;1;1;5;0;2;3;5;0;1;2;3;5;2;6;13;2;2;5;9;2;6;7;15;4;5;10;19;12;9;4;25;4;9;9;22;7;5;4;16;6;6;8;20;8;7;4;19;85;92;108;285
Panamá;0;0;0;0;0;0;0;0;0;0;0;0;0;0;0;0;0;0;0;0;0;0;0;0;0;0;0;0;0;0;0;0;0;0;0;0;0;0;0;0;0;0;2;2;0;0;0;0;0;0;0;0;0;0;0;0;0;0;0;0;0;0;0;0;0;0;0;0;0;0;0;0;0;0;0;0;0;0;0;0;0;0;0;0;0;0;0;0;0;0;0;0;0;0;0;0;0;0;0;0;1;0;0;1;0;0;0;0;0;0;0;0;1;0;2;3
Paquistão;0;0;0;0;0;0;0;0;0;0;0;0;0;0;0;0;0;0;0;0;0;0;0;0;0;0;0;0;0;0;0;0;0;0;0;0;0;0;0;0;0;0;0;0;0;0;0;0;0;1;0;1;1;0;1;2;0;1;0;1;1;0;0;1;0;1;0;1;0;0;1;1;0;0;0;0;1;0;0;1;0;0;1;1;0;0;1;1;0;0;0;0;0;0;0;0;0;0;0;0;0;0;0;0;0;0;0;0;0;0;0;0;3;3;4;10
Paraguai;0;0;0;0;0;0;0;0;0;0;0;0;0;0;0;0;0;0;0;0;0;0;0;0;0;0;0;0;0;0;0;0;0;0;0;0;0;0;0;0;0;0;0;0;0;0;0;0;0;0;0;0;0;0;0;0;0;0;0;0;0;0;0;0;0;0;0;0;0;0;0;0;0;0;0;0;0;0;0;0;0;0;0;0;0;0;0;0;0;0;0;0;0;0;0;0;0;1;0;1;0;0;0;0;0;0;0;0;0;0;0;0;0;1;0;1
Participantes Olímpicos Independentes;0;0;0;0;0;0;0;0;0;0;0;0;0;0;0;0;0;0;0;0;0;0;0;0;0;0;0;0;0;0;0;0;0;0;0;0;0;0;0;0;0;0;0;0;0;0;0;0;0;0;0;0;0;0;0;0;0;0;0;0;0;0;0;0;0;0;0;0;0;0;0;0;0;0;0;0;0;0;0;0;0;0;0;0;0;1;2;3;0;0;0;0;0;0;0;0;0;0;0;0;0;0;0;0;0;0;0;0;0;0;0;0;0;1;2;3
Peru;0;0;0;0;0;0;0;0;0;0;0;0;0;0;0;0;0;0;0;0;0;0;0;0;0;0;0;0;0;0;0;0;0;0;0;0;0;0;0;0;1;0;0;1;0;0;0;0;0;0;0;0;0;0;0;0;0;0;0;0;0;0;0;0;0;0;0;0;0;0;0;0;0;0;0;0;0;1;0;1;0;1;0;1;0;1;0;1;0;0;0;0;0;0;0;0;0;0;0;0;0;0;0;0;0;0;0;0;0;0;0;0;1;3;0;4
Polônia;0;0;0;0;0;0;0;0;0;0;0;0;0;0;0;0;0;0;0;0;0;0;0;0;0;1;1;2;1;1;3;5;2;1;4;7;0;3;3;6;0;0;1;1;1;2;1;4;1;4;4;9;4;6;11;21;7;6;10;23;5;2;11;18;7;5;9;21;7;6;13;26;3;14;15;32;0;0;0;0;2;5;9;16;3;6;10;19;7;5;5;17;6;5;3;14;3;2;5;10;4;5;2;11;3;1;7;11;2;3;6;11;68;83;133;284
Porto Rico;0;0;0;0;0;0;0;0;0;0;0;0;0;0;0;0;0;0;0;0;0;0;0;0;0;0;0;0;0;0;0;0;0;0;0;0;0;0;0;0;0;0;1;1;0;0;0;0;0;0;0;0;0;0;0;0;0;0;0;0;0;0;0;0;0;0;0;0;0;0;1;1;0;0;0;0;0;1;1;2;0;0;0;0;0;0;1;1;0;0;1;1;0;0;0;0;0;0;0;0;0;0;0;0;0;1;1;2;1;0;0;1;1;2;6;9
Portugal;0;0;0;0;0;0;0;0;0;0;0;0;0;0;0;0;0;0;0;0;0;0;0;0;0;0;1;1;0;0;1;1;0;0;0;0;0;0;1;1;0;1;1;2;0;0;1;1;0;0;0;0;0;1;0;1;0;0;0;0;0;0;0;0;0;0;0;0;0;2;0;2;0;0;0;0;1;0;2;3;1;0;0;1;0;0;0;0;1;0;1;2;0;0;2;2;0;2;1;3;1;1;0;2;0;1;0;1;0;0;1;1;4;8;12;24
Quênia;0;0;0;0;0;0;0;0;0;0;0;0;0;0;0;0;0;0;0;0;0;0;0;0;0;0;0;0;0;0;0;0;0;0;0;0;0;0;0;0;0;0;0;0;0;0;0;0;0;0;0;0;0;0;0;0;0;0;1;1;3;4;2;9;2;3;4;9;0;0;0;0;0;0;0;0;1;0;2;3;5;2;2;9;2;4;2;8;1;4;3;8;2;3;2;7;1;4;2;7;6;4;6;16;2;4;6;12;6;6;1;13;31;38;33;102
Quirguistão;0;0;0;0;0;0;0;0;0;0;0;0;0;0;0;0;0;0;0;0;0;0;0;0;0;0;0;0;0;0;0;0;0;0;0;0;0;0;0;0;0;0;0;0;0;0;0;0;0;0;0;0;0;0;0;0;0;0;0;0;0;0;0;0;0;0;0;0;0;0;0;0;0;0;0;0;0;0;0;0;0;0;0;0;0;0;0;0;0;0;0;0;0;0;1;1;0;0;0;0;0;1;2;3;0;0;0;0;0;0;0;0;0;1;3;4
República Checa;0;0;0;0;0;0;0;0;0;0;0;0;0;0;0;0;0;0;0;0;0;0;0;0;0;0;0;0;0;0;0;0;0;0;0;0;0;0;0;0;0;0;0;0;0;0;0;0;0;0;0;0;0;0;0;0;0;0;0;0;0;0;0;0;0;0;0;0;0;0;0;0;0;0;0;0;0;0;0;0;0;0;0;0;0;0;0;0;4;3;4;11;2;3;3;8;1;3;5;9;3;3;1;7;4;3;4;11;1;2;7;10;15;17;24;56
República da Macedônia;0;0;0;0;0;0;0;0;0;0;0;0;0;0;0;0;0;0;0;0;0;0;0;0;0;0;0;0;0;0;0;0;0;0;0;0;0;0;0;0;0;0;0;0;0;0;0;0;0;0;0;0;0;0;0;0;0;0;0;0;0;0;0;0;0;0;0;0;0;0;0;0;0;0;0;0;0;0;0;0;0;0;0;0;0;0;0;0;0;0;0;0;0;0;1;1;0;0;0;0;0;0;0;0;0;0;0;0;0;0;0;0;0;0;1;1
República Dominicana;0;0;0;0;0;0;0;0;0;0;0;0;0;0;0;0;0;0;0;0;0;0;0;0;0;0;0;0;0;0;0;0;0;0;0;0;0;0;0;0;0;0;0;0;0;0;0;0;0;0;0;0;0;0;0;0;0;0;0;0;0;0;0;0;0;0;0;0;0;0;0;0;0;0;0;0;0;0;1;1;0;0;0;0;0;0;0;0;0;0;0;0;0;0;0;0;1;0;0;1;1;1;0;2;1;1;0;2;0;0;1;1;3;2;2;7
Romênia;0;0;0;0;0;0;0;0;0;0;0;0;0;0;0;0;0;0;0;0;0;0;0;0;0;0;1;1;0;0;0;0;0;0;0;0;0;1;0;1;0;0;0;0;1;1;2;4;5;3;5;13;3;1;6;10;2;4;6;12;4;6;5;15;3;6;7;16;4;9;14;27;6;6;13;25;20;16;17;53;7;11;6;24;4;6;8;18;4;7;9;20;11;6;9;26;8;5;6;19;4;1;4;9;2;5;2;9;1;1;3;5;89;95;122;306
Rússia;0;0;0;0;0;0;0;0;0;0;0;0;0;0;0;0;0;0;0;0;0;0;0;0;0;0;0;0;0;0;0;0;0;0;0;0;0;0;0;0;0;0;0;0;0;0;0;0;0;0;0;0;0;0;0;0;0;0;0;0;0;0;0;0;0;0;0;0;0;0;0;0;0;0;0;0;0;0;0;0;0;0;0;0;0;0;0;0;26;21;16;63;32;28;29;89;28;26;36;90;24;13;23;60;20;18;31;69;19;18;19;56;149;124;153;426
Samoa;0;0;0;0;0;0;0;0;0;0;0;0;0;0;0;0;0;0;0;0;0;0;0;0;0;0;0;0;0;0;0;0;0;0;0;0;0;0;0;0;0;0;0;0;0;0;0;0;0;0;0;0;0;0;0;0;0;0;0;0;0;0;0;0;0;0;0;0;0;0;0;0;0;0;0;0;0;0;0;0;0;0;0;0;0;0;0;0;0;0;0;0;0;0;0;0;0;0;0;0;0;1;0;1;0;0;0;0;0;0;0;0;0;1;0;1
Senegal;0;0;0;0;0;0;0;0;0;0;0;0;0;0;0;0;0;0;0;0;0;0;0;0;0;0;0;0;0;0;0;0;0;0;0;0;0;0;0;0;0;0;0;0;0;0;0;0;0;0;0;0;0;0;0;0;0;0;0;0;0;0;0;0;0;0;0;0;0;0;0;0;0;0;0;0;0;0;0;0;0;1;0;1;0;0;0;0;0;0;0;0;0;0;0;0;0;0;0;0;0;0;0;0;0;0;0;0;0;0;0;0;0;1;0;1
Sérvia;0;0;0;0;0;0;0;0;0;0;0;0;0;0;0;0;0;0;0;0;0;0;0;0;0;0;0;0;0;0;0;0;0;0;0;0;0;0;0;0;0;0;0;0;0;0;0;0;0;0;0;0;0;0;0;0;0;0;0;0;0;0;0;0;0;0;0;0;0;0;0;0;0;0;0;0;0;0;0;0;0;0;0;0;0;0;0;0;0;0;0;0;0;0;0;0;0;0;0;0;0;1;2;3;1;1;2;4;2;4;2;8;3;6;6;15
Sérvia e Montenegro;0;0;0;0;0;0;0;0;0;0;0;0;0;0;0;0;0;0;0;0;0;0;0;0;0;0;0;0;0;0;0;0;0;0;0;0;0;0;0;0;0;0;0;0;0;0;0;0;0;0;0;0;0;0;0;0;0;0;0;0;0;0;0;0;0;0;0;0;0;0;0;0;0;0;0;0;0;0;0;0;0;0;0;0;0;0;0;0;0;0;0;0;0;0;0;0;0;2;0;2;0;0;0;0;0;0;0;0;0;0;0;0;2;4;3;9
Singapura;0;0;0;0;0;0;0;0;0;0;0;0;0;0;0;0;0;0;0;0;0;0;0;0;0;0;0;0;0;0;0;0;0;0;0;0;0;0;0;0;0;0;0;0;0;0;0;0;0;0;0;0;0;1;0;1;0;0;0;0;0;0;0;0;0;0;0;0;0;0;0;0;0;0;0;0;0;0;0;0;0;0;0;0;0;0;0;0;0;0;0;0;0;0;0;0;0;0;0;0;0;1;0;1;0;0;2;2;1;0;0;1;1;2;2;5
Síria;0;0;0;0;0;0;0;0;0;0;0;0;0;0;0;0;0;0;0;0;0;0;0;0;0;0;0;0;0;0;0;0;0;0;0;0;0;0;0;0;0;0;0;0;0;0;0;0;0;0;0;0;0;0;0;0;0;0;0;0;0;0;0;0;0;0;0;0;0;0;0;0;0;0;0;0;0;1;0;1;0;0;0;0;0;0;0;0;1;0;0;1;0;0;0;0;0;0;1;1;0;0;0;0;0;0;0;0;0;0;0;0;1;1;1;3
Sri Lanka;0;0;0;0;0;0;0;0;0;0;0;0;0;0;0;0;0;0;0;0;0;0;0;0;0;0;0;0;0;0;0;0;0;0;0;0;0;0;0;0;0;0;0;0;0;0;0;0;0;0;0;0;0;0;0;0;0;0;0;0;0;0;0;0;0;0;0;0;0;0;0;0;0;0;0;0;0;0;0;0;0;0;0;0;0;0;0;0;0;0;0;0;0;1;0;1;0;0;0;0;0;0;0;0;0;0;0;0;0;0;0;0;0;2;0;2
Sudão;0;0;0;0;0;0;0;0;0;0;0;0;0;0;0;0;0;0;0;0;0;0;0;0;0;0;0;0;0;0;0;0;0;0;0;0;0;0;0;0;0;0;0;0;0;0;0;0;0;0;0;0;0;0;0;0;0;0;0;0;0;0;0;0;0;0;0;0;0;0;0;0;0;0;0;0;0;0;0;0;0;0;0;0;0;0;0;0;0;0;0;0;0;0;0;0;0;0;0;0;0;1;0;1;0;0;0;0;0;0;0;0;0;1;0;1
Suécia;0;0;0;0;0;0;1;1;0;0;0;0;8;6;11;25;24;24;17;65;19;20;25;64;4;13;12;29;7;6;12;25;9;5;9;23;6;5;9;20;16;11;17;44;12;13;10;35;8;5;6;19;1;2;3;6;2;2;4;8;2;1;1;4;4;6;6;16;4;1;0;5;3;3;6;12;2;11;6;19;0;4;7;11;1;7;4;12;2;4;2;8;4;5;3;12;4;2;1;7;0;4;1;5;1;4;3;8;2;6;3;11;145;170;179;494
Suíça;1;2;0;3;6;2;1;9;1;0;1;2;0;0;0;0;0;0;0;0;2;2;7;11;7;8;10;25;7;4;4;15;0;1;0;1;1;9;5;15;5;10;5;20;2;6;6;14;0;0;1;1;0;3;3;6;1;2;1;4;0;1;4;5;0;3;0;3;1;1;2;4;2;0;0;2;0;4;4;8;0;2;2;4;1;0;0;1;4;3;0;7;1;6;2;9;1;1;3;5;2;1;4;7;2;2;0;4;3;2;2;7;50;75;67;192
Suriname;0;0;0;0;0;0;0;0;0;0;0;0;0;0;0;0;0;0;0;0;0;0;0;0;0;0;0;0;0;0;0;0;0;0;0;0;0;0;0;0;0;0;0;0;0;0;0;0;0;0;0;0;0;0;0;0;0;0;0;0;0;0;0;0;0;0;0;0;0;0;0;0;0;0;0;0;0;0;0;0;1;0;0;1;0;0;1;1;0;0;0;0;0;0;0;0;0;0;0;0;0;0;0;0;0;0;0;0;0;0;0;0;1;0;1;2
Tailândia;0;0;0;0;0;0;0;0;0;0;0;0;0;0;0;0;0;0;0;0;0;0;0;0;0;0;0;0;0;0;0;0;0;0;0;0;0;0;0;0;0;0;0;0;0;0;0;0;0;0;0;0;0;0;0;0;0;0;0;0;0;0;0;0;0;0;0;0;0;0;1;1;0;0;0;0;0;1;0;1;0;0;1;1;0;0;1;1;1;0;1;2;1;0;2;3;3;1;4;8;2;2;2;6;0;2;2;4;2;2;2;6;9;8;16;33
Taipé Chinês;0;0;0;0;0;0;0;0;0;0;0;0;0;0;0;0;0;0;0;0;0;0;0;0;0;0;0;0;0;0;0;0;0;0;0;0;0;0;0;0;0;0;0;0;0;0;0;0;0;0;0;0;0;0;0;0;0;0;0;0;0;0;0;0;0;0;0;0;0;0;0;0;0;0;0;0;0;0;1;1;0;0;0;0;0;1;0;1;0;1;0;1;0;1;4;5;2;2;1;5;1;1;2;4;1;0;1;2;1;0;2;3;5;7;12;24
Tajiquistão;0;0;0;0;0;0;0;0;0;0;0;0;0;0;0;0;0;0;0;0;0;0;0;0;0;0;0;0;0;0;0;0;0;0;0;0;0;0;0;0;0;0;0;0;0;0;0;0;0;0;0;0;0;0;0;0;0;0;0;0;0;0;0;0;0;0;0;0;0;0;0;0;0;0;0;0;0;0;0;0;0;0;0;0;0;0;0;0;0;0;0;0;0;0;0;0;0;0;0;0;0;1;1;2;0;0;1;1;1;0;0;1;1;1;2;4
Tanzânia;0;0;0;0;0;0;0;0;0;0;0;0;0;0;0;0;0;0;0;0;0;0;0;0;0;0;0;0;0;0;0;0;0;0;0;0;0;0;0;0;0;0;0;0;0;0;0;0;0;0;0;0;0;0;0;0;0;0;0;0;0;0;0;0;0;0;0;0;0;0;0;0;0;2;0;2;0;0;0;0;0;0;0;0;0;0;0;0;0;0;0;0;0;0;0;0;0;0;0;0;0;0;0;0;0;0;0;0;0;0;0;0;0;2;0;2
Togo;0;0;0;0;0;0;0;0;0;0;0;0;0;0;0;0;0;0;0;0;0;0;0;0;0;0;0;0;0;0;0;0;0;0;0;0;0;0;0;0;0;0;0;0;0;0;0;0;0;0;0;0;0;0;0;0;0;0;0;0;0;0;0;0;0;0;0;0;0;0;0;0;0;0;0;0;0;0;0;0;0;0;0;0;0;0;0;0;0;0;0;0;0;0;0;0;0;0;0;0;0;0;1;1;0;0;0;0;0;0;0;0;0;0;1;1
Tonga;0;0;0;0;0;0;0;0;0;0;0;0;0;0;0;0;0;0;0;0;0;0;0;0;0;0;0;0;0;0;0;0;0;0;0;0;0;0;0;0;0;0;0;0;0;0;0;0;0;0;0;0;0;0;0;0;0;0;0;0;0;0;0;0;0;0;0;0;0;0;0;0;0;0;0;0;0;0;0;0;0;0;0;0;0;0;0;0;0;1;0;1;0;0;0;0;0;0;0;0;0;0;0;0;0;0;0;0;0;0;0;0;0;1;0;1
Trinidad e Tobago;0;0;0;0;0;0;0;0;0;0;0;0;0;0;0;0;0;0;0;0;0;0;0;0;0;0;0;0;0;0;0;0;0;0;0;0;0;0;0;0;0;1;0;1;0;0;2;2;0;0;0;0;0;0;0;0;0;1;2;3;0;0;0;0;0;0;0;0;1;0;0;1;0;0;0;0;0;0;0;0;0;0;0;0;0;0;0;0;0;0;2;2;0;1;1;2;0;0;1;1;0;2;0;2;1;1;2;4;0;0;1;1;2;6;11;19
Tunísia;0;0;0;0;0;0;0;0;0;0;0;0;0;0;0;0;0;0;0;0;0;0;0;0;0;0;0;0;0;0;0;0;0;0;0;0;0;0;0;0;0;0;0;0;0;0;0;0;0;0;0;0;0;0;0;0;0;1;1;2;1;0;1;2;0;1;0;1;0;0;0;0;0;0;0;0;0;0;0;0;0;0;0;0;0;0;0;0;0;0;1;1;0;0;0;0;0;0;0;0;1;0;0;1;2;0;1;3;0;0;3;3;4;2;7;13
Turquia;0;0;0;0;0;0;0;0;0;0;0;0;0;0;0;0;0;0;0;0;0;0;0;0;0;0;0;0;0;0;0;0;0;0;0;0;1;0;1;2;6;4;2;12;2;0;1;3;3;2;2;7;7;2;0;9;2;3;1;6;2;0;0;2;0;1;0;1;0;0;0;0;0;0;0;0;0;0;3;3;1;1;0;2;2;2;2;6;4;1;1;6;3;0;2;5;3;3;5;11;1;1;3;5;1;1;1;3;1;3;4;8;39;24;28;91
Ucrânia;0;0;0;0;0;0;0;0;0;0;0;0;0;0;0;0;0;0;0;0;0;0;0;0;0;0;0;0;0;0;0;0;0;0;0;0;0;0;0;0;0;0;0;0;0;0;0;0;0;0;0;0;0;0;0;0;0;0;0;0;0;0;0;0;0;0;0;0;0;0;0;0;0;0;0;0;0;0;0;0;0;0;0;0;0;0;0;0;9;2;12;23;3;10;10;23;8;5;9;22;7;4;11;22;6;4;10;20;2;5;4;11;35;30;56;121
Uganda;0;0;0;0;0;0;0;0;0;0;0;0;0;0;0;0;0;0;0;0;0;0;0;0;0;0;0;0;0;0;0;0;0;0;0;0;0;0;0;0;0;0;0;0;0;0;0;0;0;0;0;0;0;0;0;0;0;0;0;0;0;1;1;2;1;1;0;2;0;0;0;0;0;1;0;1;0;0;0;0;0;0;0;0;0;0;0;0;0;0;1;1;0;0;0;0;0;0;0;0;0;0;0;0;1;0;0;1;0;0;0;0;2;3;2;7
União Soviética;0;0;0;0;0;0;0;0;0;0;0;0;0;0;0;0;0;0;0;0;0;0;0;0;0;0;0;0;0;0;0;0;0;0;0;0;0;0;0;0;0;0;0;0;22;30;19;71;37;29;32;98;43;29;31;103;30;31;35;96;29;32;30;91;50;27;22;99;49;41;35;125;80;69;46;195;0;0;0;0;55;31;46;132;0;0;0;0;0;0;0;0;0;0;0;0;0;0;0;0;0;0;0;0;0;0;0;0;0;0;0;0;395;319;296;1010
Uruguai;0;0;0;0;0;0;0;0;0;0;0;0;0;0;0;0;0;0;0;0;0;0;0;0;1;0;0;1;1;0;0;1;0;0;1;1;0;0;0;0;0;1;1;2;0;0;2;2;0;0;1;1;0;0;0;0;0;0;1;1;0;0;0;0;0;0;0;0;0;0;0;0;0;0;0;0;0;0;0;0;0;0;0;0;0;0;0;0;0;0;0;0;0;1;0;1;0;0;0;0;0;0;0;0;0;0;0;0;0;0;0;0;2;2;6;10
Uzbequistão;0;0;0;0;0;0;0;0;0;0;0;0;0;0;0;0;0;0;0;0;0;0;0;0;0;0;0;0;0;0;0;0;0;0;0;0;0;0;0;0;0;0;0;0;0;0;0;0;0;0;0;0;0;0;0;0;0;0;0;0;0;0;0;0;0;0;0;0;0;0;0;0;0;0;0;0;0;0;0;0;0;0;0;0;0;0;0;0;0;1;1;2;1;1;2;4;2;1;2;5;0;1;3;4;1;0;2;3;4;2;7;13;8;6;17;31
Venezuela;0;0;0;0;0;0;0;0;0;0;0;0;0;0;0;0;0;0;0;0;0;0;0;0;0;0;0;0;0;0;0;0;0;0;0;0;0;0;0;0;0;0;0;0;0;0;1;1;0;0;0;0;0;0;1;1;0;0;0;0;1;0;0;1;0;0;0;0;0;1;0;1;0;1;0;1;0;0;3;3;0;0;0;0;0;0;0;0;0;0;0;0;0;0;0;0;0;0;2;2;0;0;1;1;1;0;0;1;0;1;2;3;2;3;10;15
Vietnã;0;0;0;0;0;0;0;0;0;0;0;0;0;0;0;0;0;0;0;0;0;0;0;0;0;0;0;0;0;0;0;0;0;0;0;0;0;0;0;0;0;0;0;0;0;0;0;0;0;0;0;0;0;0;0;0;0;0;0;0;0;0;0;0;0;0;0;0;0;0;0;0;0;0;0;0;0;0;0;0;0;0;0;0;0;0;0;0;0;0;0;0;0;1;0;1;0;0;0;0;0;1;0;1;0;0;0;0;1;1;0;2;1;3;0;4
Zâmbia;0;0;0;0;0;0;0;0;0;0;0;0;0;0;0;0;0;0;0;0;0;0;0;0;0;0;0;0;0;0;0;0;0;0;0;0;0;0;0;0;0;0;0;0;0;0;0;0;0;0;0;0;0;0;0;0;0;0;0;0;0;0;0;0;0;0;0;0;0;0;0;0;0;0;0;0;0;0;1;1;0;0;0;0;0;0;0;0;0;1;0;1;0;0;0;0;0;0;0;0;0;0;0;0;0;0;0;0;0;0;0;0;0;1;1;2
Zimbabwe;0;0;0;0;0;0;0;0;0;0;0;0;0;0;0;0;0;0;0;0;0;0;0;0;0;0;0;0;0;0;0;0;0;0;0;0;0;0;0;0;0;0;0;0;0;0;0;0;0;0;0;0;0;0;0;0;0;0;0;0;0;0;0;0;0;0;0;0;0;0;0;0;1;0;0;1;0;0;0;0;0;0;0;0;0;0;0;0;0;0;0;0;0;0;0;0;1;1;1;3;1;3;0;4;0;0;0;0;0;0;0;0;3;4;1;8
